"","url","title","snippet","date"
"1","https://www.dailywire.com/videos/trump-s-return-to-butler","Trump's Return to Butler","Oct 12, 2024 ... Three months after a bullet came inches from ending his life, former President Donald Trump returns to the scene of the attempted assassination.",2024-10-12
"2","https://www.dailywire.com/news/venue-cancellation-followers-lost-flagrant-hosts-discuss-fallout-after-trump-interview","Venue Cancellation, Followers Lost: 'Flagrant' Hosts Discuss Fallout ...","Oct 16, 2024 ... ... Donald Trump on a recent episode.Comedian Andrew Schulz opened the show stating that Trump is “winning by a landslide” given the response he's received from ...",2024-10-16
"3","https://www.dailywire.com/news/wsj-dismisses-attacks-on-trumps-mental-decline-after-90-minute-interview","WSJ Dismisses Attacks On Trump's 'Mental Decline' After 90-Minute ...","Oct 20, 2024 ... No evidence of former president Donald Trump's alleged “mental decline” showed during Trump's 90-minute interview with The Wall Street Journal's editorial ...",2024-10-20
"4","https://www.dailywire.com/news/the-interview-was-fire-podcast-host-talks-to-charlamagne-tha-god-about-his-sit-down-with-trump","'The Interview Was Fire': Podcast Host Talks To Charlamagne Tha ...","Oct 14, 2024 ... Podcaster and comedian Andrew Schulz talked to Charlamagne Tha God about getting the chance to interview former President Donald Trump on his “Flagrant” ...",2024-10-14
"5","https://www.dailywire.com/news/let-the-states-run-the-schools-trump-promises-education-overhaul-during-fox-friends-interview","'Let The States Run The Schools': Trump Promises Education ...","Oct 18, 2024 ... Former President Donald Trump was interviewed in-studio on “Fox & Friends” Friday morning and discussed numerous issues, including his desire to get education ...",2024-10-18
"6","https://www.dailywire.com/news/gutfeld-regular-starts-interview-by-apologizing-to-trump-i-never-understood-why-you-fight","'Gutfeld!' Regular Starts Interview By Apologizing To Trump: 'I Never ...","Oct 18, 2024 ... Gutfeld!” regular Tyrus — born George Murdoch — sat down with former President Donald Trump and took a moment as the interview began to apologize ...",2024-10-18
"7","https://www.dailywire.com/news/inside-leonard-leos-plan-for-conservatives-to-crush-liberal-dominance","Inside Leonard Leo's Plan For Conservatives To 'Crush Liberal ...","Oct 20, 2024 ... ... Donald Trump on judicial selections, he helped Trump choose the three conservative Supreme Court justices instrumental in overturning Roe v. Wade ...",2024-10-20
"8","https://www.dailywire.com/news/fbi-stealth-edits-crime-stats-obliterates-democrat-and-media-talking-point","FBI 'Stealth Edits' Crime Stats, Obliterates Democrat And Media ...","Oct 16, 2024 ... ... Donald Trump, who was erroneously “fact-checked” on the issue by ABC News debate moderator David Muir.WATCH:Three weeks before an election — and after the ...",2024-10-16
"9","https://www.dailywire.com/news/trump-shares-why-he-had-to-go-back-to-butler-after-rally-shooting","Trump Shares Why He Had To Go Back To Butler After Rally Shooting","Oct 13, 2024 ... Former President Donald Trump said “unfinished business” drew him back to Butler, Pennsylvania, after he survived an assassination attempt there at a ...",2024-10-13
