Unnamed: 0,url,title,snippet,date
1,https://www.dailywire.com/news/the-kamala-harris-stock-market-crash,The Kamala Harris Stock Market Crash,"Aug 5, 2024 ... There will come a point when Kamala Harris has to answer a serious question. Democrats are hoping that doesn't happen until after the election.",2024-08-05
2,https://www.dailywire.com/news/as-a-prosecutor-kamala-harris-refused-to-seek-the-death-penalty-for-a-gang-member-who-murdered-a-cop,"As A Prosecutor, Kamala Harris Refused To Seek The Death ...","Aug 2, 2024 ... When Kamala Harris was running to be San Francisco's district attorney, she said she would never pursue the death penalty. But then a case came before her that ...",2024-08-02
3,https://www.dailywire.com/news/kamala-harris-secret-service-covers-up-security-cameras-at-private-business-breaks-into-building-report,Kamala Harris' Secret Service Covers Up Security Cameras At ...,"Aug 10, 2024 ... Vice President Kamala Harris' Secret Service detail was caught on video committing crimes against a local business owner during a Harris campaign event late ...",2024-08-10
4,https://www.dailywire.com/news/vp-pick-walz-says-hes-so-pro-abortion-that-nancy-pelosi-suggested-he-moderate-stance,VP Pick Walz Says He's So Pro-Abortion That Nancy Pelosi ...,"Aug 6, 2024 ... “Kamala Harris and Tim Walz are both radically pro-abortion and see the lives of precious unborn babies as disposable inconveniences.” Advertisement. The ...",2024-08-06
5,https://www.dailywire.com/news/byron-donalds-blasts-abc-news-george-stephanopoulos-for-his-meltdown-on-live-tv,Byron Donalds Blasts ABC News' George Stephanopoulos For His ...,"Aug 4, 2024 ... ... Donalds for responding to his questions about former President Donald Trump's remarks on Vice President Kamala Harris' race. Donalds made the remarks during ...",2024-08-04
6,https://www.dailywire.com/news/tim-walz-signed-bill-stripping-anti-pedophile-language-from-minnesotas-human-rights-act,Tim Walz Signed Bill Stripping Anti-Pedophile Language From ...,"Aug 7, 2024 ... UNITED STATES - AUGUST 6: Vice President Kamala Harris, Democratic nominee for president, Tom Williams/CQ-Roll Call, Inc via Getty Images. Minnesota Governor ...",2024-08-07
7,https://www.dailywire.com/news/did-tim-walz-really-put-tampons-in-the-boys-bathroom,Did Tim Walz Really Put Tampons In The Boys Bathroom?,"Aug 9, 2024 ... Minnesota Governor Tim Walz (D) has taken a lot of heat in the days since he was tapped as Vice President Kamala Harris' running mate for signing a law ...",2024-08-09
8,https://www.dailywire.com/news/walz-embellished-and-selectively-omitted-facts-about-his-military-career-retired-national-guardsmen,Walz 'Embellished And Selectively Omitted Facts' About His Military ...,"Aug 6, 2024 ... Vice President Kamala Harris picked Minnesota Governor Tim Walz as her running mate on Tuesday, and will likely emphasize his military service as part of ...",2024-08-06
9,https://www.dailywire.com/news/no-one-denigrated-tim-walzs-military-service-more-than-he-did-himself,No One Denigrated Tim Walz's Military Service More Than He Did ...,"Aug 8, 2024 ... Governor Tim Walz's (D-MN) military career has been the subject of much scrutiny over the past few days, ever since Vice President Kamala Harris tapped him ...",2024-08-08
10,https://www.dailywire.com/news/trans-six-year-olds-custody-battles-and-tampons-for-boys-tim-walzs-record-on-kids-and-gender-ideology,"'Trans' Six-Year-Olds, Custody Battles, And Tampons For Boys: Tim ...","Aug 6, 2024 ... ... Vice President Kamala Harris tapped the Minnesota governor as her running mate Tuesday, prompting scrutiny of his progressive record on everything ...",2024-08-06
11,https://www.dailywire.com/news/walz-signed-exec-order-protecting-trans-procedures-on-minors-while-holding-hand-of-gender-confused-12-year-old,Walz Signed Exec Order Protecting Trans Procedures On Minors ...,"Aug 6, 2024 ... Democratic presidential nominee Kamala Harris has chosen Minnesota Gov. Tim Walz as her running mate, a leftist who, last year, signed an executive order ...",2024-08-06
12,https://www.dailywire.com/news/as-somali-gangs-waged-war-and-trafficked-children-in-minnesota-tim-walz-asked-for-more-somali-refugees,As Somali Gangs Waged War and Trafficked Children In Minnesota ...,"Aug 7, 2024 ... Walz, whom Vice President Kamala Harris tapped as her running mate this week, petitioned the Trump administration to send more refugees to Minnesota in 2019,",2024-08-07
13,https://www.dailywire.com/news/minnesota-or-somalia-vp-pick-tim-walz-changed-problematic-state-flag-to-be-more-inclusive,'Minnesota Or Somalia?': VP Pick Tim Walz Changed 'Problematic ...,"Aug 6, 2024 ... Democratic Gov. Tim Walz of Minnesota, who has been selected as Vice President Kamala Harris's VP pick, helped change his state's flag three months ago because ...",2024-08-06
14,https://www.dailywire.com/news/first-green-beret-in-congress-reacts-to-tim-walzs-military-record-he-has-some-explaining-to-do,First Green Beret In Congress Reacts To Tim Walz's Military Record ...,"Aug 7, 2024 ... Waltz said there are “a lot of questions” about how Walz, who is now hitting the campaign trail with Vice President Kamala Harris, should be describing himself.",2024-08-07
15,https://www.dailywire.com/news/watch-walzs-wife-said-she-kept-windows-open-to-smell-burning-tires-during-george-floyd-riots,WATCH: Walz's Wife Said She Kept Windows Open To Smell ...,"Aug 7, 2024 ... The clip of Gwen's comments has gone viral in the wake of VP Kamala Harris choosing Walz as her running mate. Daily Wire host Matt Walsh commented on the ...",2024-08-07
16,https://www.dailywire.com/news/the-media-are-trash,The Media Are Trash,"Aug 1, 2024 ... US Vice President and 2024 Democratic presidential candidate Kamala Harris waves as she departs for Houston KEVIN LAMARQUE/POOL/AFP via Getty Images. The ...",2024-08-01
17,https://www.dailywire.com/news/when-minnesota-governors-mansion-was-remodeled-tim-walz-wanted-taxpayers-to-pay-17k-a-month-for-him-to-live-in-lakeside-home,"When Minnesota Governor's Mansion Was Remodeled, Tim Walz ...","Aug 7, 2024 ... Headline: Kamala Harris And Running Mate Tim Walz Make First Appearance Together In Philadelphia Caption Andrew Harnik/Getty Images. In 2023, the Minnesota ...",2024-08-07
18,https://www.dailywire.com/news/tim-walz-created-dei-council-that-said-america-was-systemically-racist,Tim Walz Created DEI Council That Said America Was Systemically ...,"Aug 6, 2024 ... ,; DEI; ,; Kamala Harris; ,; Tim Walz. Facebook. X. Mail. Create a free account to join the conversation! Start Commenting. Already have an account? Log in.",2024-08-06
19,https://www.dailywire.com/news/hostage-deals-are-not-triumphant-victories,Hostage Deals Are Not Triumphant Victories,"Aug 2, 2024 ... It's part and parcel of a broader worldview that says, for example, that Afghanistan was a triumph, which is something Joe Biden and Kamala Harris said ...",2024-08-02
1,https://www.dailywire.com/show/scamala-kamala-harris-unmasked,Scamala,"Aug 13, 2024 ... Meet Kamala Harris, the incompetent and unqualified vice president. Ben Shapiro's 3-part series exposes her façade, from her early California politics to the ...",2024-08-13
2,https://www.dailywire.com/podcasts/scamala-kamala-harris-unmasked,Scamala: Kamala Harris Unmasked,"Aug 18, 2024 ... Meet Kamala Harris, the incompetent and unqualified vice president. Ben Shapiro's 3-part series exposes her façade, from her early California politics to the ...",2024-08-18
3,https://www.dailywire.com/news/kamala-harris-tells-young-football-players-you-can-be-undefeated-even-if-you-dont-win-every-game,Kamala Harris Tells Young Football Players: You Can Be ...,"Aug 18, 2024 ... Democrat presidential nominee Kamala Harris told a group of young football players on Sunday that they can be “undefeated” even if they don't win every game ...",2024-08-18
4,https://www.dailywire.com/news/the-dnc-just-started-and-its-already-insane,The DNC Just Started And It's Already INSANE,"Aug 19, 2024 ... And in the case of the Kamala Harris campaign, the messaging is about ... All it took was for Kamala Harris to describe one piece of information about ...",2024-08-19
5,https://www.dailywire.com/news/cnn-admits-tim-walz-campaign-lied-about-his-drunk-driving-arrest-numerous-times,CNN Admits Tim Walz Campaign Lied About His Drunk Driving ...,"Aug 15, 2024 ... A report from CNN acknowledges that Kamala Harris' VP-pick Gov. Tim Walz (D-MN) repeatedly lied about his 1995 drunk driving arrest during his run for Congress.",2024-08-15
6,https://www.dailywire.com/news/walz-issued-congressional-challenge-coin-that-misstated-his-rank,Walz Issued Congressional Challenge Coin That Misstated His Rank,"Aug 12, 2024 ... Minnesota Governor Tim Walz, now Democratic presidential nominee Kamala Harris's running mate, issued his Congressional Challenge Coin falsely claiming he had ...",2024-08-12
7,https://www.dailywire.com/news/biden-touts-his-admins-record-on-the-economy-inflation-the-numbers-arent-positive,"Biden Touts His Admin's Record On The Economy, Inflation. The ...","Aug 20, 2024 ... Under President Biden and Vice President Kamala Harris, the unemployment rate has gone down as the U.S. economy recovered from the COVID lockdowns, but the ...",2024-08-20
1,https://www.dailywire.com/news/kamalas-car-wreck-first-interview,Kamala's Car Wreck First Interview,"Aug 30, 2024 ... It finally happened: After weeks of stalling, Kamala Harris did a sit-down interview in which she spoke. For a whopping 16 minutes. Dana Bash, the ...",2024-08-30
2,https://www.dailywire.com/news/dhs-made-no-effort-to-locate-missing-unaccompanied-alien-children-auditor-says-in-urgent-alert,DHS Made No Effort To Locate Missing 'Unaccompanied Alien ...,"Aug 21, 2024 ... The report is a significant blow to Vice President Kamala Harris, coming as she and other members of her party tout their “compassionate” border policies at the ...",2024-08-21
3,https://www.dailywire.com/news/defending-kam-unism,Defending Kam-unism,"Aug 29, 2024 ... The entire Kamala Harris campaign relies on you knowing nothing about Kamala Harris. First rule of Kamala Harris Fight Club: Nobody talks about Kamala ...",2024-08-29
4,https://www.dailywire.com/news/my-incredible-journey-of-self-discovery-at-the-dnc,My Incredible Journey Of Self-Discovery At The DNC,"Aug 22, 2024 ... As if the whole point was to generate headlines like this in the Daily Mail: “Matt Walsh Enrages Democrats By Crashing DNC In White Dudes For Kamala Harris ...",2024-08-22
5,https://www.dailywire.com/news/bill-maher-rips-kaitlan-collins-over-cnns-bias-network-has-token-conservatives,Bill Maher Rips Kaitlan Collins Over CNN's Bias: Network Has ...,"Aug 24, 2024 ... Maher said that CNN gave 15 straight minutes of glowing media coverage to Democratic presidential nominee Vice President Kamala Harris until “lonely Scott ...",2024-08-24
6,https://www.dailywire.com/news/rfk-jr-explains-what-maga-really-means-after-trump-endorsement,RFK Jr. Explains 'What MAGA Really Means' After Trump Endorsement,"Aug 25, 2024 ... In swing states, where he felt his presence on the ballot could ultimately help Vice President Kamala Harris in her bid for the White House, he said that he ...",2024-08-25
7,https://www.dailywire.com/news/leftists-attack-rfk-jr-s-wife-cheryl-hines-over-husbands-endorsement-of-trump,Leftists Attack RFK Jr.'s Wife Cheryl Hines Over Husband's ...,"Aug 23, 2024 ... Columnist Norman Ornstein responded to Hines: “Now if you have even a shred of integrity, you will endorse Kamala Harris. Otherwise, you are signing on as a ...",2024-08-23
8,https://www.dailywire.com/news/4-pieces-of-terrible-news-for-kamala-and-one-more-thing,4 Pieces Of Terrible News For Kamala — And One More Thing,"Aug 22, 2024 ... There are four pieces of bad news for Kamala Harris in this supposedly celebratory moment. And after those four, there is one more thing to address.",2024-08-22
9,https://www.dailywire.com/news/13-americans-died-in-afghanistan-thats-on-kamala,13 Americans Died In Afghanistan. That's On Kamala.,"Aug 27, 2024 ... U.S. President Joe Biden speaks with Vice President Kamala Harris, left, in the East Al Drago/Bloomberg via Getty Images. Kamala Harris is a liar. She has ...",2024-08-27
10,https://www.dailywire.com/news/senator-booker-its-time-to-finally-kill-maga-strain-of-gop,Senator Booker: It's Time To 'Finally Kill' MAGA 'Strain' Of GOP,"Aug 25, 2024 ... ... Kamala Harris is a “new chapter” for the party considering that she is the incumbent in the race. Advertisement. “Democrats have controlled the White House ...",2024-08-25
11,https://www.dailywire.com/news/13-americans-died-in-afghanistan-thats-on-kamala,13 Americans Died In Afghanistan. That's On Kamala.,"Aug 27, 2024 ... U.S. President Joe Biden speaks with Vice President Kamala Harris, left, in the East Al Drago/Bloomberg via Getty Images. Kamala Harris is a liar. She has ...",2024-08-27
12,https://www.dailywire.com/news/senator-booker-its-time-to-finally-kill-maga-strain-of-gop,Senator Booker: It's Time To 'Finally Kill' MAGA 'Strain' Of GOP,"Aug 25, 2024 ... ... Kamala Harris is a “new chapter” for the party considering that she is the incumbent in the race. Advertisement. “Democrats have controlled the White House ...",2024-08-25
13,https://www.dailywire.com/news/fox-news-cut-trump-off-for-gutfeld-so-trump-called-gutfeld-live-on-air,"Fox News Cut Trump Off For Gutfeld!, So Trump Called Gutfeld Live ...","Aug 23, 2024 ... Trump was giving his response to Vice President Kamala Harris' Democratic National Convention speech when Baier and MacCallum told him they had to move the ...",2024-08-23
14,https://www.dailywire.com/news/brutal-letter-from-chamber-of-commerce-resurfaces-and-exposes-another-tim-walz-lie,Brutal Letter From Chamber Of Commerce Resurfaces And Exposes ...,"Aug 24, 2024 ... Kamala Harris; ,; Nebraska; ,; Politics; ,; Tim Walz. Facebook. X. Mail. Create a free account to join the conversation! Start Commenting. Already have an ...",2024-08-24
15,https://www.dailywire.com/news/muslim-man-avoids-prison-after-assaulting-3-women-for-not-wearing-traditional-clothes,Muslim Man Avoids Prison After Assaulting 3 Women For Not ...,"Aug 28, 2024 ... No one had the intestinal fortitude or honesty to call a donkey a donkey! Sounds like Kamala Harris's type of court case. Catch and release! Reply. 247 days ago.",2024-08-28
16,https://www.dailywire.com/episode/ep-1427,Ep. 1427 - Whistleblowers Risk Everything to Expose Shocking ...,"Aug 21, 2024 ... Also, talking heads on CNN are reduced almost to tears by Obama's speech to the DNC. Kamala Harris says she has a plan to reduce grocery prices. But if that's ...",2024-08-21
17,https://www.dailywire.com/news/whistleblowers-risk-everything-to-expose-shocking-practices-at-texas-childrens-hospital,Whistleblowers Risk Everything To Expose Shocking Practices At ...,"Aug 21, 2024 ... But Joe Biden and Kamala Harris' DOJ didn't see it that way. A month later, they sent federal agents to his door to inform him that he was under ...",2024-08-21
1,https://www.dailywire.com/news/here-are-the-things-kamala-has-supported-in-the-past-but-wont-say-if-she-supports-now,Here Are The Things Kamala Has Supported In The Past But Won't ...,"Nov 4, 2024 ... Vice President Kamala Harris entered the presidential race late and seemingly hoped to avoid scrutiny of her past positions.Without publicly disavowing her ...",2024-11-04
2,https://www.dailywire.com/news/the-faithful-should-fear-a-kamala-presidency,The Faithful Should Fear A Kamala Presidency,"Nov 3, 2024 ... ... Kamala Harris has already promised — she's no friend of the faithful. Quite the contrary. In the final weeks of the campaign she's reminding us, elect her ...",2024-11-03
3,https://www.dailywire.com/news/president-biden-wont-attend-kamalas-election-night-watch-party,President Biden Won't Attend Kamala's Election Night Watch Party,"Nov 5, 2024 ... President Joe Biden will not attend the election night watch party of his vice president and current Democrat nominee, Kamala Harris.Biden will be watching ...",2024-11-05
4,https://www.dailywire.com/news/my-case-against-kamala,My Case Against Kamala,"Nov 5, 2024 ... On Monday, I made a straightforward argument for why Donald Trump deserves to win this election. What I didn't do is explain in depth why Kamala Harris deserves ...",2024-11-05
5,https://www.dailywire.com/news/fcc-commissioner-kamalas-snl-appearance-a-blatant-effort-to-evade-equal-time-rule,FCC Commissioner: Kamala's SNL Appearance A 'Blatant Effort To ...,"Nov 3, 2024 ... A Federal Communications Commission (FCC) official is calling out both NBC and Vice President Kamala Harris for her last-minute appearance on Saturday Night ...",2024-11-03
6,https://www.dailywire.com/news/you-gave-me-a-panic-attack-voters-react-to-trump-leading-in-new-hampshire-poll-for-the-first-time,'You Gave Me A Panic Attack': Voters React To Trump Leading In ...,"Nov 3, 2024 ... New Hampshire voters said they were shocked by a new poll that shows former President Donald Trump has surpassed Vice President Kamala Harris in the state for ...",2024-11-03
7,https://www.dailywire.com/news/cautiously-optimistic-ben-shapiro-talks-to-megyn-kelly-about-early-election-results,'Cautiously Optimistic': Ben Shapiro Talks To Megyn Kelly About ...,"Nov 5, 2024 ... “I've heard some indicators, some rumblings, from people inside some of the campaigns in Pennsylvania that she, Kamala Harris, is not getting the urban turnout ...",2024-11-05
8,https://www.dailywire.com/topic/jake-tapper,Jake Tapper,"Nov 2, 2024 ... Gov. Tim Walz arrives to hear his running Vice President Kamala Harris address supporters at. 'He Made That Decision!' Tim Walz Snaps Over Biden Question. By ...",2024-11-02
9,https://www.dailywire.com/news/vote-to-keep-god-in-america-harrison-butker-drops-pro-trump-ad-on-election-day,'Vote To Keep God In America': Harrison Butker Drops Pro-Trump Ad ...,"Nov 5, 2024 ... ... Kamala Harris and the radical Democrats.” “Kamala Harris has repeatedly rebuked Christians, undermining the values that built our great nation,” the ad said ...",2024-11-05
10,https://www.dailywire.com/news/ben-shapiro-tells-brian-williams-the-identity-politics-era-may-be-coming-to-a-close,Ben Shapiro Tells Brian Williams: 'The Identity Politics Era May Be ...,"Nov 5, 2024 ... They were counting on a very heavy break in the Hispanic vote in favor of Kamala Harris. That doesn't seem to be materializing,” Shapiro said. Advertisement. “ ...",2024-11-05
11,https://www.dailywire.com/news/trump-projected-to-win-georgia,Trump Projected To Win Georgia,"Nov 5, 2024 ... The race was called for Trump with 88% of the vote in with Trump leading Vice President Kamala Harris 51.2% to 48%. Trump has now secured 242 votes in the ...",2024-11-05
12,https://www.dailywire.com/news/nate-silver-explains-why-he-is-skeptical-of-battleground-state-polling,Nate Silver Explains Why He Is Skeptical Of Battleground State Polling,"Nov 3, 2024 ... poll results show Vice President Kamala Harris and former President Donald Trump neck-and-neck in the swing states that could decide the 2024 election ...",2024-11-03
13,https://www.dailywire.com/news/former-intelligence-official-accosts-black-trump-supporter-in-dc-coffee-shop,Former Intelligence Official Accosts Black Trump Supporter In DC ...,"Nov 4, 2024 ... ... Kamala Harris because…”The video shows Morrissey lecturing: “I'm shocked…. Educated women.”“Educated? What does educated have to do with it?” someone with ...",2024-11-04
14,https://www.dailywire.com/news/my-closing-statement-why-i-voted-trump,My Closing Statement: Why I Voted Trump,"Nov 4, 2024 ... There are essentially three reasons I support Donald Trump: The first is Donald Trump, the second is Kamala Harris, and the third is the institutions.",2024-11-04
15,https://www.dailywire.com/news/these-celebrities-say-theyre-voting-for-trump,These Celebrities Say They're Voting For Trump,"Nov 4, 2024 ... ... Kamala Harris in a “crushing defeat.”YouTube star Jake Paul also came out in support of Trump with a twenty-minute-long video explanation he shared on the ...",2024-11-04
16,https://www.dailywire.com/news/trump-campaign-memo-describes-massive-turnout-deficit-for-dems-on-eve-of-election,Trump Campaign Memo Describes 'Massive Turnout Deficit' For ...,"Nov 4, 2024 ... The Harris campaign did not immediately respond to a request for comment. Advertisement. Read more in: 2024 Election; ,; Donald Trump; ,; Kamala Harris.",2024-11-04
17,https://www.dailywire.com/news/exclusive-seven-undecided-pennsylvania-voters-say-whats-driving-their-decision,EXCLUSIVE: Seven Undecided Pennsylvania Voters Say What's ...,"Nov 1, 2024 ... Polling has consistently shown former President Donald Trump and Vice President Kamala Harris locked in a dead heat in Pennsylvania — and the results of a ...",2024-11-01
18,https://www.dailywire.com/news/voting-machine-issues-in-red-pennsylvania-county-result-in-two-hour-extension,Voting Machine Issues In Red Pennsylvania County Result In Two ...,"Nov 5, 2024 ... Trump won Bedford with 83% of the vote in 2020. Pennsylvania's 19 electoral votes are considered a must-win for Vice President Kamala Harris. Losing ...",2024-11-05
19,https://www.dailywire.com/news/why-maye-musk-thinks-you-should-vote-for-trump,Why Maye Musk Thinks You Should Vote For Trump,"Nov 4, 2024 ... ... Kamala Harris wins the election.“I am more scared of Democrats and their policies,” she said. “Bad people on the street, I can outrun, but you can't escape ...",2024-11-04
20,https://www.dailywire.com/news/walz-in-masters-thesis-said-genocide-education-shouldnt-focus-on-holocaust,Walz Master's Thesis Said Genocide Education Shouldn't Focus On ...,"Nov 2, 2024 ... Walz's running mate, Vice President Kamala Harris, has repeatedly likened former President Donald Trump to Adolf Hitler, a rhetorical barb that some Jews ...",2024-11-02
21,https://www.dailywire.com/news/trump-campaign-responds-to-fake-news-claiming-he-called-for-liz-cheney-to-be-fired-upon,Trump Campaign Responds To 'Fake News' Claiming He Called For ...,"Nov 1, 2024 ... Liz Cheney, a former Republican congresswoman and current Kamala Harris supporter, to be “fired upon.”The media outrage was sparked by comments made by ...",2024-11-01
22,https://www.dailywire.com/news/arizona-dem-congressional-candidate-gave-away-donation-from-police-union-to-leftist-bail-fund,Arizona Dem Congressional Candidate Gave Away Donation From ...,"Nov 2, 2024 ... ... Kamala Harris. The organization went on to bail out violent criminals, including one individual who was freed after being charged with domestic abuse before ...",2024-11-02
1,https://www.dailywire.com/news/kamala-endorses-dockworkers-strike-that-union-boss-boasted-would-cripple-the-economy,Kamala Endorses Dockworkers Strike That Union Boss Boasted ...,"Oct 2, 2024 ... Vice President Kamala Harris sided Wednesday with dockworkers who launched a massive strike this week that threatens to cripple the economy.",2024-10-02
2,https://www.dailywire.com/news/influential-pastor-deletes-post-endorsing-kamala-after-hes-slammed-by-conservatives,Influential Pastor Deletes Post Endorsing Kamala After He's ...,"Oct 1, 2024 ... Pastor and Christian author Ray Ortlund deleted a social media post on Monday where he said that he would be voting for Vice President Kamala Harris, ...",2024-10-01
3,https://www.dailywire.com/news/kamalas-husband-doug-emhoff-slammed-over-accusations-he-hit-ex-girlfriend-in-face,'Woman-Beater': Kamala's Husband Doug Emhoff Slammed Over ...,"Oct 2, 2024 ... Doug Emhoff, husband of Vice President Kamala Harris, faced backlash online Wednesday afternoon after an explosive report was published in a British newspaper.",2024-10-02
4,https://www.dailywire.com/news/as-appalachian-americans-die-in-floods-biden-harris-prioritizes-equity,"As Appalachian Americans Die In Floods, Biden-Harris Prioritizes ...","Oct 1, 2024 ... ... Kamala Harris just did. He also wasn't on the record saying that disaster relief should be distributed based on “equity.” Here's Kamala Harris on that point:.",2024-10-01
5,https://www.dailywire.com/topic/debates,Debates,"Oct 3, 2024 ... MADISON, WISCONSIN - SEPTEMBER 20: Democratic presidential nominee Vice President Kamala Harris speaks at. Harris Desperate To Schedule Second Debate After ...",2024-10-03
6,https://www.dailywire.com/news/the-art-of-the-tariff-how-trump-can-help-save-the-middle-class,The Art Of The Tariff: How Trump Can Help Save The Middle Class,"Oct 5, 2024 ... ... promised to impose huge tariffs on Chinese imports and American companies who move their production outside the country – while Kamala Harris has ...",2024-10-05
7,https://www.dailywire.com/news/auditors-found-18-of-longshoremens-union-hires-had-mob-ties-the-union-had-the-auditor-shut-down,Auditors Found 18% Of Longshoremen's Union Hires Had Mob Ties ...,"Oct 4, 2024 ... ... Kamala Harris sided with the union, putting a quick “tentative” end to a strike — at least until after the election. Advertisement. General Foreman Paul Moe ...",2024-10-04
8,https://www.dailywire.com/news/ben-shapiros-interview-with-former-president-donald-trump-full-transcript,Ben Shapiro's Interview With Former President Donald Trump: Full ...,"Oct 8, 2024 ... President, Kamala Harris has now been putting pressure on Ron DeSantis for some reason. She seems to want to both suggest that she's in charge of hurricane ...",2024-10-08
9,https://www.dailywire.com/news/vance-destroys-walz-iran-launches-on-israel,"Vance Destroys Walz, Iran Launches On Israel","Oct 2, 2024 ... His mission was to create a palatable method for swing voters to look at the Trump-Vance ticket and not see chaos. There's a reason that Kamala Harris and Tim ...",2024-10-02
10,https://www.dailywire.com/show/election-wire,Election Wire,"Oct 9, 2024 ... Watch live as Donald Trump takes the stage in Tucson, Arizona, for his first rally since the fiery presidential debate with Kamala Harris. Don't miss this ...",2024-10-09
11,https://www.dailywire.com/news/how-dirty-union-greed-is-holding-the-american-people-hostage,How Dirty Union Greed Is Holding The American People Hostage,"Oct 2, 2024 ... Even Kamala Harris knows it. It's why she had to duck the first question of the presidential debate, when she was asked whether Americans are better off now ...",2024-10-02
1,https://www.dailywire.com/news/wsj-dismisses-attacks-on-trumps-mental-decline-after-90-minute-interview,WSJ Dismisses Attacks On Trump's 'Mental Decline' After 90-Minute ...,"Oct 20, 2024 ... ... Kamala Harris' presidential campaign and other critics. The WSJ editorial board found no basis for the attacks during a lengthy interview with Trump on ...",2024-10-20
2,https://www.dailywire.com/news/doj-tells-four-police-fire-departments-that-its-racist-to-expect-employees-to-know-basic-math,"DOJ Tells Four Police, Fire Departments That It's Racist To Expect ...","Oct 13, 2024 ... ... Kamala Harris's attempts to brand herself as a moderate in the final weeks of the presidential campaign, with the suits both suggesting a dim view of blacks ...",2024-10-13
3,https://www.dailywire.com/news/illegal-aliens-released-into-country-by-biden-harris-admin-charged-with-sexually-assaulting-child,Illegal Aliens Released Into Country By Biden-Harris Admin ...,"Oct 15, 2024 ... ... Kamala Harris has “clearly explained” her policy stances concerning illegal immigration.The arrests of the illegal migrants in Palm Beach come just weeks ...",2024-10-15
4,https://www.dailywire.com/topic/tim-pool,Tim Pool,"Oct 19, 2024 ... ... TOPSHOT - US Vice President Democratic presidential candidate Kamala Harris waves at supporters at the end ...",2024-10-19
5,https://www.dailywire.com/news/biden-harris-admin-files-lawsuit-to-stop-virginia-from-removing-noncitizens-from-voter-rolls,Biden-Harris Admin Files Lawsuit To Stop Virginia From 'Removing ...,"Oct 11, 2024 ... Kamala Harris; ,; Politics; ,; Virginia; ,; Voting. Facebook. X. Mail. Create a free account to join the conversation! Start Commenting. Already have an account ...",2024-10-11
6,https://www.dailywire.com/news/the-interview-was-fire-podcast-host-talks-to-charlamagne-tha-god-about-his-sit-down-with-trump,'The Interview Was Fire': Podcast Host Talks To Charlamagne Tha ...,"Oct 14, 2024 ... ... Kamala's [Harris] headquarters “saw the video and said “yo, make a video out ... Schulz said when Trump explained “he doesn't ramble, he weaves,” [Vice President] ...",2024-10-14
7,https://www.dailywire.com/news/u-s-intel-on-israeli-military-plans-for-iran-leaked-from-biden-harris-admin-report,U.S. Intel On Israeli Military Plans For Iran Leaked From Biden ...,"Oct 19, 2024 ... ,; Iran; ,; Israel; ,; Kamala Harris; ,; World. Facebook. X. Mail. Create a free account to join the conversation! Start Commenting. Already have an account?",2024-10-19
8,https://www.dailywire.com/news/venue-cancellation-followers-lost-flagrant-hosts-discuss-fallout-after-trump-interview,"Venue Cancellation, Followers Lost: 'Flagrant' Hosts Discuss Fallout ...","Oct 16, 2024 ... ... Kamala Harris' team who he said was not “really enthusiastic.”Related: 'The Interview Was Fire': Podcast Host Talks To Charlamagne Tha God About His Sit ...",2024-10-16
1,https://www.dailywire.com/news/how-kamalas-kids-in-cages-lie-paved-the-way-for-a-child-trafficking-crisis,How Kamala's 'Kids In Cages' Lie Paved The Way For A Child ...,"Oct 23, 2024 ... In the waning days of the campaign, Vice President Kamala Harris is trotting out an old talking point: that former President Donald Trump “separates” ...",2024-10-23
2,https://www.dailywire.com/news/trump-sues-cbs-news-for-10-billion-over-kamala-60-minutes-interview-edits,Trump Sues CBS News For $10 Billion Over Kamala '60 Minutes ...,"Oct 31, 2024 ... ... Kamala Harris earlier this month. The lawsuit, which was filed in the U.S. District Court for the Northern District of Texas on Thursday, alleges that the ...",2024-10-31
3,https://www.dailywire.com/news/the-best-takedowns-from-ben-shapiros-showdown-with-25-kamala-voters,The Best Takedowns From Ben Shapiro's Showdown With 25 ...,"Oct 24, 2024 ... Daily Wire Editor Emeritus Ben Shapiro entered the lion's den in a video posted on Thursday, taking down arguments made by 25 Kamala Harris supporters on ...",2024-10-24
4,https://www.dailywire.com/news/my-completely-unprejudiced-rundown-on-why-kamala-harris-sucks,My Completely Unprejudiced Rundown On Why Kamala Harris Sucks,"Oct 25, 2024 ... Kamala Harris is going to make sure that billionaires pay their fair share of the money she's going to give you for voting for her. By Andrew Klavan. •. Oct 25, ...",2024-10-25
5,https://www.dailywire.com/news/kamala-harris-unserious-campaign,Kamala Harris' Unserious Campaign,"Oct 22, 2024 ... Kamala Harris has suggested Donald Trump is unserious. She stated on Monday that Donald Trump is fundamentally an unserious candidate.",2024-10-22
6,https://www.dailywire.com/news/kamalas-dude-problem,Kamala's Dude Problem,"Oct 21, 2024 ... The dudes just aren't buying what she's selling. A recent NBC News poll has former President Donald Trump leading Vice President Kamala Harris among men by 16 ...",2024-10-21
7,https://www.dailywire.com/news/jd-vance-to-go-on-joe-rogans-podcast,JD Vance To Go On Joe Rogan's Podcast,"Oct 29, 2024 ... Vance will go on “The Joe Rogan Experience” as Vice President Kamala Harris' team continues to push for an interview with the most-listened-to podcast host in ...",2024-10-29
8,https://www.dailywire.com/news/kamalas-desperate-final-plea-vote-for-me-or-youre-sexist,Kamala's Desperate Final Plea: 'Vote For Me Or You're Sexist',"Oct 23, 2024 ... ... Kamala Harris by 90% at the last minute. That's because Kamala Harris' support among black voters, according to every major poll, is collapsing. Everyone ...",2024-10-23
9,https://www.dailywire.com/news/biden-declares-trump-supporters-are-garbage,Biden Declares Trump Supporters Are 'Garbage',"Oct 29, 2024 ... ... Kamala Harris, is pushing as the Democrat presidential nominee.MATT WALSH'S 'AM I RACIST?' NOW STREAMING ON DAILYWIRE+Biden's divisive rhetoric comes after ...",2024-10-29
10,https://www.dailywire.com/news/desperate-kellyanne-conway-rebukes-mark-cuban-for-suggesting-trump-avoids-strong-women,'Desperate': Kellyanne Conway Rebukes Mark Cuban For ...,"Oct 31, 2024 ... Kellyanne Conway fired back at Mark Cuban after the billionaire surrogate for Vice President Kamala Harris in the 2024 White House race suggested former ...",2024-10-31
11,https://www.dailywire.com/news/patently-false-former-senior-pence-advisers-refute-john-kellys-hitler-comments-about-trump,'Patently False': Former Senior Pence Advisers Refute John Kelly's ...,"Oct 24, 2024 ... Kelly's comments to The Atlantic led to Vice President Kamala Harris holding a short press conference on Wednesday where she slammed Trump, saying, “It is ...",2024-10-24
12,https://www.dailywire.com/news/china-hacks-u-s-telecom-companies-in-major-espionage-coup-against-u-s,China Hacks U.S. Telecom Companies In 'Major Espionage Coup ...,"Oct 28, 2024 ... ... Kamala Harris and Senate Majority Leader Chuck Schumer (D-NY).Some of the companies hacked included Verizon, AT&T, and Lumen, the reports said. Officials ...",2024-10-28
13,https://www.dailywire.com/news/manhood-101-six-manly-movies-for-men-who-need-a-reminder,Manhood 101: Six Manly Movies For Men Who Need A Reminder,"Oct 25, 2024 ... Kamala Harris.And let's not get started on that macho men for Harris ad. John Wayne never crossed his legs the way that one actor does in the spot.The ...",2024-10-25
14,https://www.dailywire.com/news/nevada-supreme-court-rules-on-counting-ballots-received-after-election-day-without-postmarks,Nevada Supreme Court Rules On Counting Ballots Received After ...,"Oct 28, 2024 ... ... Kamala Harris and Trump are in a tight battle in the swing state, and the polls continue to show the presidential candidates are basically in a dead heat in ...",2024-10-28
15,https://www.dailywire.com/news/the-lefts-betrayal-of-the-first-amendment,The Left's Betrayal Of The First Amendment,"Oct 23, 2024 ... Today's Democrats, led by Kamala Harris, Barack Obama and Joe Biden, are not just tiptoeing around the edges of censorship; they're creating an Orwellian ...",2024-10-23
16,https://www.dailywire.com/news/speak-even-if-your-voice-shakes-gina-carano-rouses-trump-supporters-in-vegas,'Speak Even If Your Voice Shakes': Gina Carano Rouses Trump ...,"Oct 25, 2024 ... ... Kamala Harris wins, once the Democrats have “installed a government” that “seeks to destroy us.”“I'm an actress who got my start professional fighting right ...",2024-10-25
17,https://www.dailywire.com/news/spin-cycle-the-russians-we-mean-the-nazis-are-coming,Spin Cycle: The Russians — We Mean The Nazis — Are Coming!,"Oct 28, 2024 ... ... Kamala Harris, told supporters in Nevada. “There's a direct parallel to a big rally that happened in the mid-1930s at Madison Square Garden.”All week, the ...",2024-10-28
18,https://www.dailywire.com/news/the-dei-candidate-matt-walsh-blasts-kamala-calls-out-dems-race-obsession,"'The DEI Candidate': Matt Walsh Blasts Kamala, Calls Out Dems ...","Oct 29, 2024 ... Matt Walsh appeared on Fox News Monday night to discuss the streaming release of “Am I Racist?” and blasted Vice President Kamala Harris and the Democratic ...",2024-10-29
19,https://www.dailywire.com/news/vivek-ramaswamy-mans-a-garbage-truck-were-not-garbage,Vivek Ramaswamy Mans A Garbage Truck: 'We're Not Garbage',"Oct 30, 2024 ... ... Kamala Harris was attempting to send a message of unity in her closing remarks of her campaign.“Let's do it, man,” Ramaswamy said as he and another ...",2024-10-30
20,https://www.dailywire.com/news/actor-zachary-levi-explains-why-hes-supporting-trump-and-his-avengers,Actor Zachary Levi Explains Why He's Supporting Trump And His ...,"Oct 28, 2024 ... ... Kamala Harris “is not qualified in any way shape or form to be the Commander in Chief, the leader of the free world. Absolutely not.”Zachary Levi urges ...",2024-10-28
21,https://www.dailywire.com/episode/ep-1475-the-matt-walsh-show,Ep. 1475 - The Matt Walsh Show,"Oct 30, 2024 ... Today on the Matt Walsh Show, the Kamala Harris campaign is openly encouraging women to lie to their husbands about who they're voting for.",2024-10-30
22,https://www.dailywire.com/episode/ep-1472,Ep. 1472 - Planes Are Falling From The Sky & The DOJ's Priority Is DEI,"Oct 25, 2024 ... ... question, the greatest president in American history. And, Ben Shapiro debates 25 Kamala Harris supporters. The clips are truly tragic, if also hilarious.",2024-10-25
23,https://www.dailywire.com/news/watchdog-says-admin-broke-law-with-entirely-political-email-to-medicare-recipients,Watchdog Says Admin Broke Law With 'Entirely Political' Email To ...,"Oct 26, 2024 ... ... Kamala Harris.The email went to everyone signed up to receive updates on the government's Medicare program, which is used by 66 million people. It featured ...",2024-10-26
24,https://www.dailywire.com/news/media-uncovers-shocking-trump-nazi-link-youll-never-believe,Media Uncovers Shocking Trump-Nazi Link You'll Never Believe,"Oct 29, 2024 ... ... Kamala Harris campaign are doing. Here was Tim Walz sending up the warning flag before the rally: A direct parallel, he says. What is the parallel? Well ...",2024-10-29
25,https://www.dailywire.com/episode/ep-1475-member-exclusive,Ep. 1475 - This Anti-Family Ad Reveals Democrats' Sick Agenda ...,"Oct 30, 2024 ... Today on the Matt Walsh Show, the Kamala Harris campaign is openly encouraging women to lie to their husbands about who they're voting for.",2024-10-30
26,https://www.dailywire.com/news/days-before-election-media-launches-desperate-anti-trump-hoax,"Days Before Election, Media Launches Desperate Anti-Trump Hoax","Oct 24, 2024 ... Kamala Harris is laying the groundwork for preventing Trump from becoming president if he wins the election. She's also inciting someone to assassinate him ...",2024-10-24
1,https://www.dailywire.com/news/trump-kamala-debate-simulcast-and-reaction-to-stream-live-on-daily-wire-backstage,Trump-Harris Debate Simulcast And Analysis Streaming Live On ...,"Sep 10, 2024 ... The all-important debate between former President Donald Trump and Vice President Kamala Harris will stream live on DailyWire+ with pre-debate analysis on “ ...",2024-09-10
2,https://www.dailywire.com/news/abc-news-moderators-blasted-for-extreme-bias-fact-checking-trump-but-not-harris,"ABC News Moderators Blasted For Extreme Bias, Fact Checking ...","Sep 10, 2024 ... ABC News faces backlash for debate moderation, with critics saying Trump was unfairly fact-checked, while Kamala Harris escaped follow-up questions and tough ...",2024-09-10
3,https://www.dailywire.com/news/abc-debate-host-david-muirs-show-was-100-positive-for-harris-93-negative-for-trump-report,ABC Debate Host David Muir's Show Was 100% Positive For Harris ...,"Sep 10, 2024 ... ... Kamala Harris since she entered the presidential race and a staggering 93% negative coverage to former President Donald Trump. Advertisement. Analysts looked ...",2024-09-10
4,https://www.dailywire.com/news/biden-harris-irs-hiring-dei-specialist-with-salary-more-than-3x-national-average,Biden-Harris IRS Hiring DEI Specialist With Salary More Than 3x ...,"Sep 3, 2024 ... Vice President Kamala Harris speaks onstage during a Pride Celebration hosted by the Vice President Of (Photo by Tasos Katopodis/Getty Images for GLAAD). The ...",2024-09-03
5,https://www.dailywire.com/news/are-you-his-daughter-unearthed-abc-profile-shows-kamala-partying-with-ex-lover-willie-brown,'Are You His Daughter?' Unearthed ABC Profile Shows Kamala ...,"Sep 10, 2024 ... Video footage from a 1995 ABC profile of former San Francisco Mayor Willie Brown shows Democratic nominee Kamala Harris partying with her then-boyfriend.",2024-09-10
6,https://www.dailywire.com/news/trump-celebrates-the-birthday-of-jesus-christs-mother-with-image-of-our-lady-of-guadalupe,Trump Celebrates The Birthday of Jesus Christ's Mother With Image ...,"Sep 8, 2024 ... “Kamala Harris hates Catholics and everything we hold sacred,” CatholicVote President Brian Burch said in a statement upon the announcement of “Catholics for ...",2024-09-08
7,https://www.dailywire.com/news/jeff-walz-brother-of-tim-walz-blasts-the-vp-pick-has-bad-character,"Jeff Walz, Brother Of Tim Walz, Blasts The VP Pick: Has Bad ...","Sep 3, 2024 ... He also indicated that he was never informed in advance that his brother was going to be Vice President Kamala Harris' pick for VP. “My family wasn't given ...",2024-09-03
8,https://www.dailywire.com/topic/yale-university,Yale University,"Sep 5, 2024 ... Flanked by labor union leaders, Democratic presidential candidate Vice President Kamala Harris speaks to union. Why Kamala Harris Is The Poster Child For ...",2024-09-05
9,https://www.dailywire.com/news/everyone-realizes-that-there-was-no-case-trump-responds-after-judge-delays-sentencing,'Everyone Realizes That There Was No Case': Trump Responds ...,"Sep 6, 2024 ... “It is a political attack against me by Comrade Kamala Harris and other Radical Left Opponents for purposes of Election Interference, and is a case that should ...",2024-09-06
10,https://www.dailywire.com/news/tim-pool-tells-ben-shapiro-russia-sucks-hes-pissed-about-doj-claim-that-tenet-was-funded-by-russia,"Tim Pool Tells Ben Shapiro 'Russia Sucks,' He's 'Pissed' About DOJ ...","Sep 6, 2024 ... I don't know what will turn out to be true, but I'm pissed.” EXCLUSIVE: @Timcast first interview about the DOJ/Tenet Media indictment and his own Kamala Harris ...",2024-09-06
11,https://www.dailywire.com/news/tim-pool-tells-ben-shapiro-russia-sucks-hes-pissed-about-doj-claim-that-tenet-was-funded-by-russia,"Tim Pool Tells Ben Shapiro 'Russia Sucks,' He's 'Pissed' About DOJ ...","Sep 6, 2024 ... I don't know what will turn out to be true, but I'm pissed.” EXCLUSIVE: @Timcast first interview about the DOJ/Tenet Media indictment and his own Kamala Harris ...",2024-09-06
12,https://www.dailywire.com/news/swifties-for-trump-taylor-nation-is-fracturing-over-the-election,'Swifties For Trump': Taylor Nation Is Fracturing Over The Election,"Sep 3, 2024 ... The Swifties for Kamala idea came from one lone Swiftie who tweeted that “U.S. swifties should mass organize and help campaign for Kamala Harris” so they ...",2024-09-03
13,https://www.dailywire.com/episode/ep-1439,Ep. 1439 - Our Towns And Our Pets Aren't Safe Thanks to Third ...,"Sep 9, 2024 ... ... Kamala Harris is fading fast in the polls. Climate alarmists predicted historic, devastating hurricanes this season. Instead, there have been no hurricanes ...",2024-09-09
1,https://www.dailywire.com/topic/presidential-debate,Presidential Debate,"Sep 18, 2024 ... TOPSHOT - US Vice President and 2024 Democratic presidential candidate Kamala Harris speaks on the fourth. TIME Corrects Report On Kamala Wanting Taxpayer ...",2024-09-18
2,https://www.dailywire.com/news/word-vomit-and-narcissism-for-president,Word Vomit And Narcissism For President!,"Sep 20, 2024 ... Kamala Harris, the word salad queen, has a couple of major problems: She is stupid and narcissistic, and her campaign has no idea how to talk to men.",2024-09-20
3,https://www.dailywire.com/news/trump-unveils-plan-to-end-all-taxes-on-overtime-work,Trump Unveils Plan To 'End All Taxes On Overtime' Work,"Sep 13, 2024 ... Joseph Costello, a spokesman for Vice President Kamala Harris's campaign, called Trump's plan a “snake oil sales pitch.” “No matter how much he lies now ...",2024-09-13
4,https://www.dailywire.com/topic/9-11,9/11,"Sep 13, 2024 ... 'Quite A Flippant Remark': Fire Chief's Widow Blasts Biden For Comments Ahead Of 9/11 Memorials ... US Vice ...",2024-09-13
5,https://www.dailywire.com/news/yes-democrats-support-ending-the-lives-of-babies-who-survive-abortions,"Yes, Democrats Support Ending The Lives of Babies Who Survive ...","Sep 11, 2024 ... That's a fact that former President Donald Trump highlighted during Tuesday night's debate, drawing the annoyance of Vice President Kamala Harris and the ...",2024-09-11
6,https://www.dailywire.com/episode/ep-1447,Ep. 1447 - Kamala Harris' Dangerous New Lie May End Up Costing ...,"Sep 20, 2024 ... ... Kamala Harris holds a campaign rally with Oprah where she launches into what may be – even by her standards – the most cringy and unintelligible ramble we ...",2024-09-20
7,https://www.dailywire.com/news/rip-celebrity-endorsements-why-the-lovefest-may-be-over,RIP Celebrity Endorsements. Why The Lovefest May Be Over.,"Sep 20, 2024 ... Democrats infamously turned their attention to Kamala Harris after Biden stepped aside. Would Swift throw her support behind a female presidential candidate ...",2024-09-20
8,https://www.dailywire.com/news/americans-deserve-the-truth-following-georgia-mothers-tragic-death,Americans Deserve The Truth Following Georgia Mother's Tragic ...,"Sep 20, 2024 ... Vice President Kamala Harris gave a speech Friday in Atlanta, where she jumped on the bandwagon with abortion advocates who are overjoyed to be able to ...",2024-09-20
9,https://www.dailywire.com/news/did-the-government-shield-diddy-like-epstein,Did The Government Shield Diddy Like Epstein?,"Sep 18, 2024 ... One theory is that, like Epstein, Sean Combs was very well-connected with powerful people in Washington. In April of 2020, for example, Kamala Harris tweeted ...",2024-09-18
1,https://www.dailywire.com/news/kamala-hq-attacked-me-for-telling-the-truth-about-public-education,Kamala HQ Attacked Me For Telling The Truth About Public Education,"Sep 25, 2024 ... the “Kamala HQ” account — the official account of the Kamala Harris campaign — posted a message in response to a segment from my show yesterday ...",2024-09-25
2,https://www.dailywire.com/news/economic-guru-dave-ramsey-asked-both-trump-and-kamala-for-interview-heres-what-happened,Economic Guru Dave Ramsey Asked Both Trump And Kamala For ...,"Sep 30, 2024 ... Apolitical money expert Dave Ramsey said he asked both former President Donald Trump and Vice President Kamala Harris for a sit-down interview — but so far, ...",2024-09-30
3,https://www.dailywire.com/news/how-the-fbi-is-willing-to-risk-your-safety-to-get-kamala-elected,How The FBI Is Willing To Risk Your Safety To Get Kamala Elected,"Sep 24, 2024 ... Shortly after the two ABC moderators entered the presidential debate on the side of Kamala Harris, there was a brief moment when Donald Trump pushed back.",2024-09-24
4,https://www.dailywire.com/news/kamala-harris-and-the-not-so-secret-soros-machine,Kamala Harris And The Not-So-Secret Soros Machine,"Sep 27, 2024 ... Kamala Harris is apparently going to call for more resources for Border Patrol agents to do their job. However, I have spoken with the Border Patrol.",2024-09-27
5,https://www.dailywire.com/news/the-degenerates-of-hollywood-endorse-kamala-and-that-tells-you-everything,"The Degenerates Of Hollywood Endorse Kamala, And That Tells ...","Sep 23, 2024 ... After last week's Oprah infomercial for Kamala Harris, it's clear that it's time for Harris to collect the endorsements that she's apparently entitled to.",2024-09-23
6,https://www.dailywire.com/news/dem-donor-union-boss-with-alleged-mob-ties-fights-biden-over-dock-worker-strike,Dem Donor Union Boss With Alleged Mob Ties Fights Biden Over ...,"Sep 27, 2024 ... ... Kamala Harris, who has struggled to convince voters that she can fight inflation and fix the economy. A strike would affect nearly half of all U.S. imports ...",2024-09-27
7,https://www.dailywire.com/news/exclusive-babylon-bee-sues-california-over-unprecedented-crackdown-on-satire-parody,EXCLUSIVE: Babylon Bee Sues California Over Unprecedented ...,"Sep 30, 2024 ... ... Kamala Harris should be “illegal.” “The legislature heard the call and passed two laws that forbid political expression under the label of 'materially ...",2024-09-30
8,https://www.dailywire.com/episode/tbd-john-f-kennedy-jr,The Great Partisan Shift | Robert F. Kennedy Jr.,"Sep 26, 2024 ... Kennedy Jr. discuss the development of Donald Trump's political team, how the team plans to tackle foreign affairs and the ongoing health crisis, Kamala Harris' ...",2024-09-26
9,https://www.dailywire.com/news/spin-cycle-all-eyes-on-north-carolina,Spin Cycle: All Eyes On North Carolina,"Sep 23, 2024 ... “'Rushes into other room' I was *walking* to the doctor (because one of my kids gave me the plague) My comment on Mark Robinson is that Kamala Harris cast ...",2024-09-23
10,https://www.dailywire.com/news/the-art-of-the-tweet-collected-poems-of-donald-j-trump-back-in-stock,The Art Of The Tweet: 'Collected Poems Of Donald J. Trump' Back In ...,"Sep 30, 2024 ... I will and enjoy every moment of it. Reply. 215 days ago. 2. dannpelletier. It would be a cookbook called “Word salads by Kamala Harris”. Reply. 215 days ago.",2024-09-30
